,0
0,aa
1,aaron
2,ab
3,aba
4,abc
5,ability
6,able
7,abramo
8,abs
9,absence
10,absolute
11,absolutely
12,ac
13,acceleration
14,accept
15,acceptable
16,acceptance
17,accepted
18,access
19,accord
20,accordance
21,according
22,accordingly
23,account
24,accountants
25,accounting
26,accounts
27,accrue
28,accrued
29,acct
30,accuracy
31,accurate
32,achieve
33,acknowledge
34,acknowledged
35,acknowledges
36,acq
37,acquire
38,acquired
39,acquisition
40,acquistion
41,acres
42,act
43,acting
44,action
45,actions
46,active
47,activities
48,activity
49,acts
50,actual
51,actually
52,ad
53,adam
54,adams
55,add
56,added
57,adding
58,addition
59,additional
60,additionally
61,additions
62,address
63,addressed
64,addresses
65,adequate
66,adjust
67,adjusted
68,adjustment
69,adjustments
70,adm
71,administered
72,administration
73,administrative
74,administrator
75,adobe
76,adopt
77,adopted
78,advance
79,advanced
80,advantage
81,adverse
82,adversely
83,advertising
84,advice
85,advise
86,advised
87,advisory
88,ae
89,aec
90,aep
91,aes
92,af
93,affairs
94,affect
95,affected
96,affecting
97,affiliate
98,affiliated
99,affiliates
100,afternoon
101,ag
102,age
103,agencies
104,agency
105,agenda
106,agent
107,agents
108,aggregate
109,aggregated
110,aggregation
111,agl
112,ago
113,agree
114,agreed
115,agreement
116,agreements
117,agrees
118,agricultural
119,ah
120,ahead
121,ai
122,aid
123,aig
124,air
125,airlines
126,airport
127,aj
128,ak
129,al
130,alabama
131,alameda
132,alan
133,alberta
134,albr
135,alcoa
136,alert
137,alex
138,alexander
139,algo
140,algonquin
141,allegations
142,alleged
143,allegheny
144,allen
145,alliance
146,alliant
147,allied
148,allocated
149,allocation
150,allocations
151,allow
152,allowance
153,allowed
154,allowing
155,allows
156,altamira
157,alternate
158,alternative
159,alto
160,altou
161,aluminium
162,aluminum
163,alumni
164,amended
165,amendment
166,amendments
167,amerada
168,ameren
169,america
170,american
171,americas
172,amoco
173,amounts
174,anadarko
175,analysis
176,analyst
177,analysts
178,ancillary
179,andersen
180,anderson
181,andrea
182,andrew
183,andrews
184,andy
185,angeles
186,ankle
187,ann
188,anna
189,annex
190,announce
191,announced
192,announcement
193,announces
194,annual
195,annuity
196,anr
197,answer
198,answers
199,anthony
200,anti
201,anticipated
202,antonio
203,ao
204,aol
205,ap
206,apb
207,apex
208,app
209,appalac
210,appalach
211,apparently
212,appd
213,appear
214,appears
215,appendix
216,appl
217,applicable
218,applicant
219,application
220,applications
221,applied
222,applies
223,apply
224,applying
225,appointed
226,appointment
227,approach
228,appropriate
229,approval
230,approvals
231,approve
232,approved
233,approves
234,approximately
235,apprvd
236,apr
237,april
238,aps
239,apt
240,aq
241,aquila
242,ar
243,arapahoe
244,arbitrate
245,arbitration
246,arbitrator
247,arbitrators
248,archive
249,archives
250,area
251,areas
252,aren
253,argentina
254,argue
255,argued
256,argument
257,ari
258,arial
259,arise
260,arising
261,arizona
262,arkansas
263,arlington
264,arm
265,army
266,arnold
267,aroclor
268,aron
269,arrange
270,arrangement
271,arrangements
272,arrive
273,art
274,arthur
275,article
276,articles
277,arts
278,ashland
279,asia
280,ask
281,asked
282,asking
283,asks
284,asp
285,aspects
286,assembly
287,assert
288,assessed
289,assessment
290,asset
291,assets
292,assign
293,assigned
294,assignee
295,assignment
296,assigns
297,assist
298,assistance
299,assistant
300,assoc
301,associate
302,associated
303,associates
304,association
305,assume
306,assumed
307,assumes
308,assuming
309,assumption
310,assumptions
311,assurance
312,assurances
313,assure
314,atco
315,atl
316,atlanta
317,atlantic
318,atm
319,attached
320,attachment
321,attempt
322,attend
323,attention
324,attn
325,attorney
326,attorneys
327,attributable
328,attributed
329,au
330,auction
331,auctions
332,audit
333,audited
334,auditor
335,auditors
336,aug
337,august
338,austin
339,australia
340,authorised
341,authorities
342,authority
343,authorization
344,authorizations
345,authorize
346,authorized
347,auto
348,automated
349,automatic
350,automatically
351,av
352,availability
353,available
354,ave
355,avenue
356,average
357,avg
358,avista
359,avoid
360,aw
361,awaiting
362,award
363,awarded
364,awards
365,aware
366,away
367,ax
368,ay
369,az
370,ba
371,backbone
372,backed
373,background
374,backup
375,bad
376,bailey
377,baja
378,baker
379,bakersfield
380,bal
381,balance
382,balanced
383,balances
384,balancing
385,ball
386,baltimore
387,bandwidth
388,bank
389,banking
390,bankrupt
391,bankruptcy
392,banks
393,bar
394,barbara
395,barbe
396,barber
397,barclays
398,barrel
399,barriers
400,barry
401,barstow
402,base
403,baseball
404,based
405,baseline
406,baseload
407,basic
408,basin
409,basis
410,basketball
411,bass
412,battle
413,bay
414,baylor
415,bb
416,bbb
417,bbbbbbbbbbbbbbbbbbbbbbbbbbbbbbb
418,bbl
419,bbls
420,bc
421,bcf
422,bd
423,beach
424,bear
425,bears
426,beat
427,beaver
428,bechtel
429,beck
430,bee
431,beer
432,began
433,begin
434,beginning
435,begins
436,begun
437,behalf
438,behavior
439,believe
440,believed
441,believes
442,bell
443,ben
444,bench
445,benchmark
446,bend
447,beneficiary
448,benefit
449,benefits
450,bennett
451,benson
452,benton
453,bernardino
454,best
455,bet
456,beth
457,better
458,bettis
459,bf
460,bg
461,bh
462,bi
463,bid
464,bidders
465,bidding
466,bids
467,big
468,biggest
469,bighorn
470,bilateral
471,billing
472,billion
473,billions
474,bills
475,bin
476,binding
477,biomass
478,bit
479,bj
480,bk
481,bl
482,black
483,blackouts
484,blanco
485,bldg
486,block
487,blockbuster
488,blocks
489,bloomberg
490,bloomfield
491,blue
492,blvd
493,blythe
494,bm
495,bn
496,bna
497,bo
498,board
499,bob
500,body
501,bold
502,bond
503,bonds
504,bonneville
505,bonus
506,book
507,booked
508,books
509,boost
510,border
511,boss
512,boston
513,bought
514,boulder
515,bouman
516,bound
517,boundary
518,bowl
519,box
520,boxes
521,boys
522,bp
523,bpa
524,bq
525,br
526,brad
527,brady
528,branch
529,bravo
530,brazil
531,breach
532,break
533,breakdown
534,brent
535,breslau
536,brett
537,brian
538,bridgeline
539,brief
540,bring
541,british
542,broad
543,broadband
544,broke
545,broken
546,broker
547,brokerage
548,brokers
549,broncos
550,brookins
551,brooks
552,brothers
553,brought
554,brown
555,browser
556,bruce
557,brush
558,bryan
559,bs
560,bt
561,btu
562,bu
563,bucalo
564,buckettable
565,budget
566,buffalo
567,build
568,building
569,buildings
570,built
571,bulk
572,burbank
573,bureau
574,burlington
575,burton
576,bus
577,bush
578,business
579,businesses
580,button
581,buy
582,buyer
583,buyers
584,buying
585,buys
586,bv
587,bw
588,bx
589,bye
590,bz
591,ca
592,cable
593,cad
594,caiso
595,cal
596,calc
597,calculate
598,calculated
599,calculates
600,calculating
601,calculation
602,calculations
603,calendar
604,calgary
605,calif
606,california
607,californians
608,called
609,calling
610,calls
611,calpine
612,came
613,cameron
614,camp
615,campaign
616,campbell
617,canada
618,canadian
619,cancel
620,cancellation
621,cancelled
622,cand
623,candidates
624,canyon
625,cap
626,capability
627,capable
628,capacities
629,capacity
630,capex
631,capital
632,capitalized
633,capitol
634,caps
635,car
636,carbon
637,card
638,care
639,career
640,cargill
641,cargo
642,caribbean
643,carl
644,carls
645,carol
646,carolina
647,carried
648,carrier
649,carriers
650,carries
651,carry
652,carrying
653,carson
654,carter
655,cascade
656,case
657,cases
658,cash
659,casino
660,catch
661,catches
662,category
663,caught
664,cause
665,caused
666,causes
667,causing
668,cayman
669,cb
670,cbs
671,cc
672,cd
673,cdd
674,cdocuments
675,cdwr
676,ce
677,cease
678,cec
679,cell
680,cemat
681,cement
682,cent
683,center
684,central
685,centralj
686,centre
687,cents
688,century
689,ceo
690,certain
691,certainly
692,certificate
693,certificates
694,certification
695,certified
696,ces
697,cf
698,cfd
699,cfo
700,cg
701,cgi
702,cgpr
703,cgt
704,ch
705,chad
706,chain
707,chair
708,chairman
709,challenge
710,championship
711,chance
712,change
713,changed
714,changes
715,changing
716,channel
717,chapter
718,characteristics
719,charge
720,charged
721,charges
722,charitable
723,charles
724,charlie
725,chart
726,chase
727,chased
728,check
729,checked
730,checking
731,checkout
732,chemical
733,chemicals
734,cheney
735,cherry
736,chevron
737,chi
738,chicago
739,chief
740,child
741,children
742,china
743,choice
744,choose
745,chosen
746,chris
747,christi
748,christian
749,christmas
750,christopher
751,chronicle
752,chuck
753,chula
754,ci
755,cig
756,cin
757,cincinnati
758,cinergy
759,circuit
760,circumstances
761,citation
762,cited
763,citgo
764,citibank
765,cities
766,citing
767,citizens
768,city
769,cityga
770,citygate
771,civil
772,cj
773,ck
774,cl
775,claim
776,claimed
777,claiming
778,claims
779,clair
780,clara
781,clark
782,class
783,classes
784,classic
785,claudia
786,clause
787,clay
788,cle
789,clean
790,clear
791,clearing
792,clearly
793,cleco
794,cleveland
795,click
796,clicking
797,client
798,clients
799,clinton
800,close
801,closed
802,closer
803,closing
804,club
805,cm
806,cmd
807,cms
808,cn
809,cng
810,cnr
811,coach
812,coaches
813,coal
814,coast
815,coastal
816,cob
817,code
818,coded
819,cogen
820,cogeneration
821,cogentrix
822,cold
823,collaborative
824,collapse
825,collateral
826,collect
827,collected
828,collection
829,collectively
830,college
831,collins
832,colmmatch
833,colombian
834,color
835,colorado
836,columbia
837,columbus
838,column
839,com
840,combination
841,combined
842,combustion
843,come
844,comes
845,coming
846,comm
847,commence
848,commencement
849,comment
850,comments
851,commerce
852,commercial
853,commercially
854,commission
855,commissioner
856,commissioners
857,commissions
858,commitment
859,commitments
860,committed
861,committee
862,commodities
863,commodity
864,common
865,commonwealth
866,communication
867,communications
868,community
869,comp
870,companies
871,company
872,compared
873,compensation
874,compete
875,competition
876,competitive
877,competitiveness
878,competitors
879,complete
880,completed
881,completely
882,completion
883,complex
884,compliance
885,comply
886,component
887,components
888,composite
889,comprehensive
890,compression
891,compressor
892,compromise
893,computer
894,conagra
895,concatenate
896,concentration
897,concept
898,concern
899,concerned
900,concerning
901,concerns
902,concluded
903,conclusion
904,concurrent
905,condition
906,conditions
907,conduct
908,conducted
909,cone
910,conectiv
911,coned
912,conference
913,confidence
914,confidential
915,confidentiality
916,configuration
917,confirm
918,confirmation
919,confirmations
920,confirmed
921,confirming
922,confirms
923,conflict
924,conflicts
925,congestion
926,congress
927,congressional
928,connected
929,connecticut
930,connection
931,connections
932,conoco
933,consecutive
934,consent
935,consents
936,consequential
937,conservation
938,consider
939,consideration
940,considered
941,considering
942,consistent
943,consistently
944,consolidated
945,consolidation
946,constellation
947,constitute
948,constitutes
949,constitution
950,constitutional
951,constraints
952,construct
953,constructed
954,construction
955,construed
956,consultant
957,consultants
958,consulting
959,consumed
960,consumer
961,consumers
962,consumption
963,cont
964,contact
965,contacted
966,contacts
967,contain
968,contained
969,container
970,containing
971,contains
972,contemplated
973,content
974,contents
975,contest
976,context
977,continental
978,contingent
979,continue
980,continued
981,continues
982,continuing
983,continuous
984,contra
985,contract
986,contracting
987,contractor
988,contractors
989,contracts
990,contractual
991,contrary
992,contributed
993,contribution
994,contributions
995,control
996,controlled
997,controller
998,controls
999,conv
1000,convenience
1001,convention
1002,conversation
1003,conversion
1004,cook
1005,cool
1006,cooling
1007,cooper
1008,cooperate
1009,cooperation
1010,cooperative
1011,coordination
1012,coordinator
1013,copies
1014,copper
1015,copy
1016,copyright
1017,coral
1018,core
1019,cornerstone
1020,corp
1021,corporate
1022,corporation
1023,corporations
1024,corpus
1025,correct
1026,corrected
1027,correction
1028,correspondence
1029,corresponding
1030,cosmos
1031,cost
1032,costa
1033,costs
1034,couldn
1035,council
1036,counsel
1037,count
1038,counta
1039,counter
1040,counterclaims
1041,counterparties
1042,counterparts
1043,counterparty
1044,counties
1045,countif
1046,countries
1047,country
1048,county
1049,couple
1050,coupon
1051,course
1052,court
1053,courts
1054,covenant
1055,covenants
1056,cover
1057,coverage
1058,covered
1059,covering
1060,cowan
1061,cowboys
1062,cox
1063,cp
1064,cpb
1065,cps
1066,cpuc
1067,cq
1068,cr
1069,craig
1070,crane
1071,crd
1072,crdbatch
1073,create
1074,created
1075,creates
1076,creating
1077,creation
1078,credit
1079,creditcurves
1080,creditor
1081,creditors
1082,credits
1083,creditworthiness
1084,creek
1085,criminal
1086,crisis
1087,criteria
1088,critical
1089,cross
1090,crosstex
1091,crude
1092,crunch
1093,cs
1094,csc
1095,csfb
1096,ct
1097,ctorres
1098,cu
1099,cubic
1100,cuiaba
1101,cumulative
1102,curr
1103,currency
1104,current
1105,currently
1106,curtailment
1107,curtis
1108,curve
1109,curves
1110,cust
1111,custom
1112,customer
1113,customers
1114,customize
1115,cut
1116,cuts
1117,cutting
1118,cv
1119,cw
1120,cx
1121,cy
1122,cycle
1123,da
1124,dabhol
1125,dad
1126,dailies
1127,daily
1128,dal
1129,dale
1130,dallas
1131,damage
1132,damages
1133,dan
1134,dana
1135,daniel
1136,dasovich
1137,data
1138,database
1139,datarange
1140,dated
1141,dates
1142,datevalue
1143,dave
1144,david
1145,davis
1146,dawn
1147,day
1148,days
1149,dayton
1150,db
1151,dba
1152,dc
1153,dcq
1154,dd
1155,ddef
1156,ddegl
1157,ddena
1158,ddepm
1159,deadline
1160,deal
1161,dealers
1162,dealing
1163,deals
1164,dean
1165,dear
1166,death
1167,debate
1168,debt
1169,debtor
1170,debtors
1171,debts
1172,dec
1173,decade
1174,december
1175,decide
1176,decided
1177,decision
1178,decisions
1179,declare
1180,declared
1181,decline
1182,declined
1183,decree
1184,dedicated
1185,deemed
1186,deep
1187,deeper
1188,def
1189,default
1190,defaulted
1191,defaulting
1192,defaults
1193,defend
1194,defendants
1195,defense
1196,defenses
1197,defensive
1198,deferred
1199,deficiency
1200,defined
1201,definition
1202,definitions
1203,definitive
1204,degree
1205,degrees
1206,del
1207,delaware
1208,delay
1209,delayed
1210,delays
1211,delete
1212,deliv
1213,deliver
1214,delivered
1215,deliveries
1216,delivering
1217,delivery
1218,delta
1219,demand
1220,demands
1221,democratic
1222,democrats
1223,demonstration
1224,den
1225,denied
1226,dennis
1227,denver
1228,depaolis
1229,department
1230,dependent
1231,depending
1232,deposit
1233,depreciation
1234,dept
1235,deregulation
1236,derivative
1237,derivatives
1238,derrick
1239,des
1240,described
1241,description
1242,desert
1243,design
1244,designate
1245,designated
1246,designed
1247,desire
1248,desk
1249,despite
1250,destruction
1251,det
1252,detailed
1253,details
1254,determination
1255,determine
1256,determined
1257,determines
1258,determining
1259,detroit
1260,deutsche
1261,develop
1262,developed
1263,developer
1264,developers
1265,developing
1266,development
1267,developments
1268,device
1269,devices
1270,devon
1271,df
1272,dflt
1273,dg
1274,dh
1275,di
1276,dialog
1277,diamond
1278,diana
1279,diane
1280,dick
1281,did
1282,didn
1283,diego
1284,diesel
1285,difference
1286,differences
1287,different
1288,differential
1289,difficult
1290,digital
1291,diligence
1292,dinner
1293,direct
1294,directed
1295,direction
1296,directly
1297,director
1298,directors
1299,disaster
1300,discharge
1301,disclose
1302,disclosed
1303,disclosure
1304,disclosures
1305,discount
1306,discovery
1307,discretion
1308,discuss
1309,discussed
1310,discussion
1311,discussions
1312,disk
1313,dispatch
1314,display
1315,displayed
1316,disposition
1317,dispute
1318,disputes
1319,dissolution
1320,distance
1321,distributed
1322,distribution
1323,distributor
1324,district
1325,div
1326,division
1327,dixon
1328,dnb
1329,doc
1330,docket
1331,document
1332,documentary
1333,documentation
1334,documents
1335,doe
1336,does
1337,doesn
1338,doing
1339,dollar
1340,dollars
1341,domain
1342,domestic
1343,dominion
1344,don
1345,donald
1346,donna
1347,door
1348,double
1349,doubleclick
1350,doubt
1351,doug
1352,douglas
1353,dow
1354,downgrade
1355,download
1356,downstream
1357,downtown
1358,doyle
1359,dp
1360,dpc
1361,dpr
1362,dr
1363,draft
1364,draw
1365,drawing
1366,drew
1367,dreyfus
1368,drilling
1369,drip
1370,drive
1371,driven
1372,driver
1373,drop
1374,dropbox
1375,dropped
1376,drug
1377,drugs
1378,dry
1379,dsm
1380,dsw
1381,dt
1382,dth
1383,du
1384,duke
1385,duly
1386,duncan
1387,dunn
1388,duration
1389,dutch
1390,duties
1391,duty
1392,dvandor
1393,dw
1394,dwr
1395,dynegy
1396,ea
1397,eagle
1398,earlier
1399,early
1400,earn
1401,earnings
1402,easier
1403,easily
1404,east
1405,eastern
1406,easy
1407,eb
1408,ebs
1409,ec
1410,ecar
1411,ecc
1412,eci
1413,economic
1414,economics
1415,economy
1416,ecs
1417,ect
1418,ectric
1419,ectrl
1420,ed
1421,edate
1422,eddie
1423,eddy
1424,edf
1425,edge
1426,edison
1427,edit
1428,edition
1429,editor
1430,editorial
1431,edu
1432,education
1433,edward
1434,edwards
1435,ee
1436,eee
1437,eei
1438,ees
1439,eeso
1440,ef
1441,effect
1442,effective
1443,effectively
1444,effects
1445,effectuate
1446,effectuated
1447,efficiency
1448,efficient
1449,effort
1450,efforts
1451,efm
1452,efp
1453,efsec
1454,egli
1455,egm
1456,egs
1457,egsc
1458,ei
1459,eim
1460,eis
1461,ej
1462,el
1463,ela
1464,elba
1465,elect
1466,elected
1467,election
1468,electric
1469,electrical
1470,electricity
1471,electronic
1472,element
1473,elements
1474,eligible
1475,eliminate
1476,elizabeth
1477,elk
1478,ellis
1479,em
1480,email
1481,embed
1482,emergency
1483,emerging
1484,emission
1485,emissions
1486,empire
1487,employ
1488,employee
1489,employees
1490,employment
1491,en
1492,ena
1493,enable
1494,enabling
1495,enacted
1496,enbw
1497,encourage
1498,encouraged
1499,end
1500,ended
1501,ending
1502,ends
1503,ene
1504,energia
1505,energie
1506,energy
1507,energyusa
1508,enfolio
1509,enforce
1510,enforceability
1511,enforceable
1512,enforcement
1513,engage
1514,engaged
1515,engine
1516,engineer
1517,engineering
1518,england
1519,english
1520,enhancement
1521,enjoy
1522,enpower
1523,enron
1524,enrononline
1525,enronxgate
1526,enserco
1527,ensure
1528,enter
1529,entered
1530,entergy
1531,entering
1532,enterprise
1533,enterprises
1534,entertainment
1535,entire
1536,entities
1537,entitled
1538,entity
1539,entrants
1540,entry
1541,envera
1542,environment
1543,environmental
1544,eoc
1545,eog
1546,eol
1547,eomonth
1548,eott
1549,ep
1550,epb
1551,epe
1552,epmi
1553,epng
1554,eps
1555,equal
1556,equally
1557,equation
1558,equipment
1559,equitable
1560,equity
1561,equivalent
1562,er
1563,erac
1564,ercot
1565,eric
1566,erms
1567,err
1568,error
1569,errors
1570,es
1571,escondido
1572,escrow
1573,esp
1574,especially
1575,essential
1576,essentially
1577,est
1578,establish
1579,established
1580,establishing
1581,establishment
1582,estate
1583,estimate
1584,estimated
1585,estimates
1586,et
1587,ets
1588,eu
1589,eur
1590,euro
1591,europe
1592,european
1593,ev
1594,evaluate
1595,evaluation
1596,evans
1597,evening
1598,event
1599,events
1600,eventually
1601,everybody
1602,evidence
1603,evidenced
1604,ex
1605,exactly
1606,examine
1607,example
1608,examples
1609,exceed
1610,exceeds
1611,excel
1612,excess
1613,exch
1614,exchange
1615,exchanges
1616,excl
1617,excluded
1618,excluding
1619,exclusive
1620,exclusives
1621,excuse
1622,execute
1623,executed
1624,execution
1625,executive
1626,executives
1627,exelon
1628,exemplary
1629,exempt
1630,exemption
1631,exercise
1632,exercised
1633,exercising
1634,exhibit
1635,exhibits
1636,exist
1637,existence
1638,existing
1639,exists
1640,exit
1641,exp
1642,expand
1643,expanded
1644,expanding
1645,expansion
1646,expect
1647,expectations
1648,expected
1649,expects
1650,expense
1651,expenses
1652,expensive
1653,experience
1654,experienced
1655,expert
1656,experts
1657,expiration
1658,expires
1659,explain
1660,explained
1661,explanation
1662,exploration
1663,explorer
1664,export
1665,exposed
1666,exposure
1667,express
1668,expressed
1669,expressly
1670,extend
1671,extended
1672,extension
1673,extensive
1674,extent
1675,external
1676,extra
1677,extract
1678,extracting
1679,extremely
1680,eye
1681,fa
1682,face
1683,facilitate
1684,facilities
1685,facility
1686,facing
1687,facsimile
1688,fact
1689,factor
1690,factors
1691,facts
1692,fail
1693,failed
1694,fails
1695,failure
1696,fair
1697,faith
1698,fall
1699,falling
1700,falls
1701,false
1702,familiar
1703,family
1704,fans
1705,fantasy
1706,far
1707,fare
1708,fares
1709,farm
1710,fast
1711,fastow
1712,faulk
1713,fault
1714,favor
1715,favorable
1716,favorite
1717,favre
1718,fax
1719,faxed
1720,faxes
1721,fb
1722,fd
1723,fe
1724,fear
1725,feature
1726,featured
1727,features
1728,feb
1729,february
1730,federal
1731,fee
1732,feed
1733,feedback
1734,feel
1735,fees
1736,feet
1737,fell
1738,felt
1739,ferc
1740,ferries
1741,fexclusive
1742,ff
1743,fffff
1744,ffffff
1745,fgt
1746,fh
1747,fiber
1748,fid
1749,field
1750,fields
1751,fifth
1752,fight
1753,figure
1754,figures
1755,file
1756,filed
1757,filename
1758,files
1759,filing
1760,filings
1761,filled
1762,filter
1763,fin
1764,final
1765,finally
1766,finance
1767,financial
1768,financially
1769,financials
1770,financing
1771,finding
1772,fine
1773,finish
1774,finished
1775,finland
1776,fired
1777,firm
1778,firms
1779,firstenergy
1780,fiscal
1781,fish
1782,fit
1783,fixed
1784,fl
1785,fla
1786,flat
1787,flexibility
1788,flexible
1789,flight
1790,floating
1791,floor
1792,florida
1793,flow
1794,flowing
1795,flows
1796,floyd
1797,fm
1798,fmc
1799,fn
1800,fo
1801,fob
1802,focus
1803,focused
1804,folder
1805,folders
1806,follow
1807,followed
1808,following
1809,follows
1810,font
1811,food
1812,foods
1813,fool
1814,foot
1815,football
1816,force
1817,forced
1818,forces
1819,ford
1820,forecast
1821,forecasts
1822,foregoing
1823,foreign
1824,forest
1825,form
1826,formal
1827,format
1828,formation
1829,formcheckbox
1830,formed
1831,forms
1832,formtext
1833,formula
1834,forney
1835,fort
1836,forth
1837,forum
1838,forward
1839,forwarded
1840,foster
1841,foundation
1842,fountain
1843,fourth
1844,fox
1845,fp
1846,fpl
1847,fqg
1848,fr
1849,fractional
1850,frame
1851,framework
1852,france
1853,franchise
1854,francisco
1855,frank
1856,fraud
1857,fred
1858,frederickson
1859,free
1860,freeman
1861,freight
1862,french
1863,frequently
1864,fresh
1865,freshman
1866,fresno
1867,fri
1868,friday
1869,friend
1870,friends
1871,fs
1872,ft
1873,ftr
1874,fuel
1875,fuels
1876,fully
1877,fun
1878,function
1879,functions
1880,fund
1881,fundamentals
1882,funded
1883,funding
1884,funds
1885,furnished
1886,future
1887,futures
1888,fw
1889,fwd
1890,fx
1891,fxc
1892,fxp
1893,ga
1894,gaap
1895,gadsden
1896,gain
1897,gained
1898,gains
1899,gamble
1900,game
1901,games
1902,gannon
1903,gapbpile
1904,garcia
1905,garden
1906,gardner
1907,gary
1908,gas
1909,gasgen
1910,gasoline
1911,gate
1912,gathering
1913,gave
1914,gb
1915,gc
1916,gcp
1917,gd
1918,gdp
1919,ge
1920,gen
1921,general
1922,generally
1923,generate
1924,generated
1925,generating
1926,generation
1927,generator
1928,generators
1929,geographic
1930,george
1931,georgia
1932,geothermal
1933,ger
1934,gerald
1935,german
1936,germany
1937,gets
1938,getting
1939,gf
1940,gffff
1941,gfffff
1942,gg
1943,giant
1944,giants
1945,gif
1946,gift
1947,giggles
1948,gila
1949,gilbert
1950,gillette
1951,gilroy
1952,girls
1953,gisb
1954,given
1955,gives
1956,giving
1957,gj
1958,gl
1959,glacier
1960,glass
1961,glencore
1962,glenn
1963,global
1964,gmbh
1965,gmt
1966,goal
1967,goals
1968,goes
1969,going
1970,gold
1971,golden
1972,goldendale
1973,goldman
1974,golf
1975,gone
1976,good
1977,goods
1978,gordon
1979,got
1980,gov
1981,govern
1982,governance
1983,governed
1984,governing
1985,government
1986,governmental
1987,governor
1988,gpu
1989,grade
1990,graham
1991,gramatica
1992,grand
1993,grant
1994,granted
1995,grants
1996,graph
1997,gray
1998,great
1999,greater
2000,green
2001,greenfield
2002,greg
2003,gregory
2004,grid
2005,griffith
2006,grmsdetail
2007,gross
2008,ground
2009,grounds
2010,group
2011,groups
2012,grove
2013,grow
2014,growing
2015,growth
2016,gs
2017,gt
2018,gtc
2019,gtcs
2020,gty
2021,guarantee
2022,guaranteed
2023,guarantees
2024,guarantor
2025,guaranty
2026,guard
2027,guess
2028,guest
2029,guide
2030,guidelines
2031,guidroz
2032,gulf
2033,guy
2034,guys
2035,gw
2036,gwhalle
2037,ha
2038,half
2039,hall
2040,hamstring
2041,hand
2042,handle
2043,handling
2044,hands
2045,hanford
2046,hanover
2047,happen
2048,happened
2049,happy
2050,harbor
2051,hard
2052,harm
2053,harmless
2054,harris
2055,harrison
2056,harry
2057,hasn
2058,hasselbeck
2059,haven
2060,having
2061,hawaii
2062,hawk
2063,hayes
2064,hb
2065,hc
2066,hd
2067,hdd
2068,head
2069,headcount
2070,headed
2071,heading
2072,headings
2073,headquarters
2074,health
2075,healthy
2076,hear
2077,heard
2078,hearing
2079,hearings
2080,heart
2081,heat
2082,heath
2083,heating
2084,heavy
2085,hedge
2086,hedging
2087,height
2088,held
2089,hello
2090,help
2091,helped
2092,henry
2093,henwood
2094,hereof
2095,hereto
2096,hereunder
2097,herewith
2098,hesi
2099,hess
2100,hey
2101,hf
2102,hh
2103,hi
2104,high
2105,higher
2106,highest
2107,highly
2108,highway
2109,hill
2110,hills
2111,historical
2112,history
2113,hit
2114,hlookup
2115,ho
2116,hold
2117,holder
2118,holding
2119,holdings
2120,holds
2121,holiday
2122,home
2123,homes
2124,honor
2125,hope
2126,hopes
2127,horn
2128,horns
2129,hospital
2130,hot
2131,hotel
2132,hotels
2133,hotmail
2134,hou
2135,hour
2136,hourly
2137,hours
2138,house
2139,houston
2140,howard
2141,hp
2142,hpl
2143,hplc
2144,hr
2145,hrs
2146,hs
2147,htm
2148,html
2149,http
2150,hub
2151,hudson
2152,huge
2153,hughes
2154,hull
2155,human
2156,hundreds
2157,hunt
2158,hunter
2159,huntington
2160,hurry
2161,hurt
2162,husky
2163,hwy
2164,hydro
2165,hydrocarbon
2166,hydrocarbons
2167,hydroelectric
2168,hyperlink
2169,hz
2170,ia
2171,ic
2172,ice
2173,id
2174,idacorp
2175,idaho
2176,idea
2177,ideas
2178,identification
2179,identified
2180,identify
2181,ig
2182,ii
2183,iii
2184,il
2185,illegal
2186,illinois
2187,im
2188,ima
2189,image
2190,imaged
2191,images
2192,imbalance
2193,imbalances
2194,immediate
2195,immediately
2196,immunity
2197,impact
2198,impacts
2199,imperial
2200,implement
2201,implementation
2202,implemented
2203,implied
2204,import
2205,importance
2206,important
2207,imports
2208,impose
2209,imposed
2210,impossible
2211,improve
2212,improved
2213,improvement
2214,improvements
2215,ina
2216,inability
2217,inactivated
2218,inactive
2219,incentive
2220,incentives
2221,incidental
2222,incl
2223,include
2224,included
2225,includes
2226,including
2227,income
2228,inconsistent
2229,incorporated
2230,incorporation
2231,incorrect
2232,increase
2233,increased
2234,increases
2235,increasing
2236,increasingly
2237,incremental
2238,incumbent
2239,incurred
2240,ind
2241,indebtedness
2242,indego
2243,indemnification
2244,indemnified
2245,indemnify
2246,indemnifying
2247,indemnity
2248,independence
2249,independent
2250,index
2251,india
2252,indian
2253,indiana
2254,indianapolis
2255,indicate
2256,indicated
2257,indicates
2258,indices
2259,indirect
2260,indirectly
2261,individual
2262,individually
2263,individuals
2264,industrial
2265,industries
2266,industry
2267,info
2268,information
2269,informed
2270,infrastructure
2271,ing
2272,initial
2273,initially
2274,initiated
2275,initiative
2276,injection
2277,injured
2278,injuries
2279,injury
2280,inland
2281,inlet
2282,innovation
2283,input
2284,inquiry
2285,inside
2286,insolvency
2287,inspected
2288,inspection
2289,install
2290,installation
2291,installed
2292,instance
2293,instances
2294,instead
2295,institute
2296,institution
2297,institutions
2298,instructions
2299,instrument
2300,instruments
2301,insurance
2302,int
2303,intangible
2304,integrated
2305,integration
2306,intended
2307,intends
2308,intent
2309,intention
2310,inter
2311,interchange
2312,interconnect
2313,interconnected
2314,interconnection
2315,interested
2316,interests
2317,interface
2318,intergen
2319,interim
2320,internal
2321,international
2322,internet
2323,interpretation
2324,interruptible
2325,interruption
2326,interstate
2327,interval
2328,interview
2329,intra
2330,intrastate
2331,introduced
2332,introduction
2333,inure
2334,inventory
2335,invest
2336,investigate
2337,investigation
2338,investigations
2339,investigators
2340,investing
2341,investment
2342,investments
2343,investor
2344,investors
2345,invoice
2346,invoices
2347,involve
2348,involved
2349,involving
2350,iou
2351,iowa
2352,ip
2353,ipp
2354,iroq
2355,iroquois
2356,irrigation
2357,isda
2358,iserror
2359,island
2360,islands
2361,isn
2362,isna
2363,isni
2364,isnumber
2365,iso
2366,issuance
2367,issue
2368,issued
2369,issues
2370,issuing
2371,italy
2372,itc
2373,item
2374,items
2375,iv
2376,ix
2377,jac
2378,jack
2379,jackson
2380,jacksonville
2381,jal
2382,james
2383,jan
2384,jane
2385,january
2386,japan
2387,japanese
2388,jarnold
2389,jason
2390,jay
2391,jb
2392,jean
2393,jeff
2394,jefferson
2395,jeffrey
2396,jenkins
2397,jennifer
2398,jerome
2399,jerry
2400,jersey
2401,jets
2402,jf
2403,jim
2404,jmeyers
2405,jmmyqq
2406,job
2407,jobs
2408,joe
2409,john
2410,johnson
2411,join
2412,joined
2413,joint
2414,jointly
2415,jon
2416,jonathan
2417,jones
2418,jose
2419,joseph
2420,journal
2421,jp
2422,jr
2423,js
2424,juan
2425,judge
2426,judgment
2427,judicial
2428,jul
2429,july
2430,jun
2431,junction
2432,june
2433,junior
2434,juqbm
2435,jurisdiction
2436,just
2437,justice
2438,justin
2439,kaiser
2440,kam
2441,kaminski
2442,kansas
2443,kara
2444,karen
2445,kathy
2446,katy
2447,kay
2448,kc
2449,keeping
2450,keeps
2451,keith
2452,kelly
2453,ken
2454,kennedy
2455,kenneth
2456,kentucky
2457,kept
2458,kern
2459,kevin
2460,key
2461,keyspan
2462,keyspanenecor
2463,keystone
2464,keystonepl
2465,kick
2466,kids
2467,kim
2468,kind
2469,kinder
2470,king
2471,kingdom
2472,kiodex
2473,kitchen
2474,klamath
2475,knee
2476,knew
2477,know
2478,knowledge
2479,known
2480,ko
2481,koch
2482,kol
2483,ks
2484,ksteven
2485,kv
2486,kw
2487,kwh
2488,kyle
2489,la
2490,label
2491,labor
2492,lack
2493,ladwp
2494,lagrasta
2495,lake
2496,lamar
2497,land
2498,landing
2499,lane
2500,language
2501,large
2502,largely
2503,larger
2504,largest
2505,larry
2506,las
2507,late
2508,later
2509,lateral
2510,latest
2511,launch
2512,launched
2513,laura
2514,lavorato
2515,law
2516,lawful
2517,lawmakers
2518,laws
2519,lawsuit
2520,lawsuits
2521,lawyer
2522,lawyers
2523,lay
2524,lb
2525,lc
2526,ld
2527,ldc
2528,ldwp
2529,le
2530,lea
2531,lead
2532,leader
2533,leaders
2534,leadership
2535,leading
2536,league
2537,leagues
2538,learn
2539,lease
2540,leave
2541,leaving
2542,led
2543,lee
2544,left
2545,leg
2546,legal
2547,legally
2548,legislation
2549,legislative
2550,legislature
2551,leidy
2552,len
2553,lender
2554,lenders
2555,length
2556,lenhart
2557,les
2558,leslie
2559,let
2560,letter
2561,letterhead
2562,letters
2563,level
2564,levels
2565,lewis
2566,lg
2567,liabilities
2568,liability
2569,liable
2570,library
2571,license
2572,licenses
2573,lien
2574,life
2575,light
2576,lighting
2577,lights
2578,like
2579,likely
2580,limit
2581,limitation
2582,limitations
2583,limited
2584,limiting
2585,limits
2586,lincoln
2587,linda
2588,line
2589,linebacker
2590,lines
2591,lineup
2592,link
2593,linked
2594,links
2595,liquid
2596,liquidated
2597,liquidating
2598,liquidation
2599,liquidity
2600,liquids
2601,lisa
2602,list
2603,listed
2604,listen
2605,listing
2606,lists
2607,litigation
2608,little
2609,live
2610,ljm
2611,ll
2612,llc
2613,llp
2614,lm
2615,lme
2616,ln
2617,lng
2618,load
2619,loads
2620,loan
2621,loans
2622,local
2623,located
2624,location
2625,locations
2626,log
2627,logistics
2628,lon
2629,london
2630,long
2631,longer
2632,longhorn
2633,longhorns
2634,longview
2635,look
2636,looked
2637,looking
2638,looks
2639,lookup
2640,loop
2641,los
2642,lose
2643,losing
2644,loss
2645,losses
2646,lost
2647,lot
2648,lots
2649,louis
2650,louise
2651,louisiana
2652,louisville
2653,love
2654,low
2655,lower
2656,lowest
2657,lp
2658,lsu
2659,lt
2660,ltr
2661,lucci
2662,lucky
2663,lumber
2664,lunch
2665,luxurylink
2666,ly
2667,lynch
2668,lynn
2669,ma
2670,mac
2671,machine
2672,machinery
2673,mack
2674,macleod
2675,madison
2676,magazine
2677,maharashtra
2678,mahonia
2679,mail
2680,mailed
2681,mailing
2682,mailto
2683,main
2684,maine
2685,mainline
2686,maintain
2687,maintained
2688,maintaining
2689,maintenance
2690,majeure
2691,major
2692,majority
2693,make
2694,makes
2695,making
2696,malin
2697,man
2698,manage
2699,managed
2700,management
2701,manager
2702,managers
2703,managing
2704,manhattan
2705,manner
2706,manual
2707,manufacturers
2708,manufacturing
2709,map
2710,mapp
2711,mar
2712,marathon
2713,marc
2714,march
2715,marcus
2716,margin
2717,marginal
2718,margins
2719,maricopa
2720,marie
2721,marine
2722,mark
2723,marked
2724,market
2725,marketer
2726,marketers
2727,marketing
2728,marketplace
2729,markets
2730,marks
2731,marshall
2732,martin
2733,martinez
2734,mary
2735,maryland
2736,mason
2737,massachusetts
2738,massey
2739,massive
2740,master
2741,match
2742,matchup
2743,material
2744,materially
2745,materials
2746,math
2747,matrix
2748,matt
2749,matter
2750,matters
2751,matthew
2752,matty
2753,max
2754,maxdq
2755,maximum
2756,maybe
2757,mayftcebk
2758,mayfteabk
2759,maynbbk
2760,mayocbk
2761,mc
2762,mcc
2763,mcdonald
2764,mcf
2765,mcgraw
2766,mckay
2767,mcmahon
2768,mcnair
2769,mcolber
2770,md
2771,mean
2772,meaning
2773,meanings
2774,means
2775,measure
2776,measured
2777,measurement
2778,measures
2779,measuring
2780,mechanism
2781,media
2782,mediation
2783,medical
2784,medium
2785,meet
2786,meeting
2787,meetings
2788,meets
2789,megawatt
2790,megawatts
2791,member
2792,members
2793,membership
2794,memo
2795,memorandum
2796,memorial
2797,men
2798,ment
2799,mentioned
2800,menu
2801,merchant
2802,merchants
2803,mergeformat
2804,merger
2805,merit
2806,merrill
2807,mesa
2808,mesquite
2809,message
2810,messages
2811,met
2812,metal
2813,metals
2814,meter
2815,metering
2816,meters
2817,method
2818,methodology
2819,methods
2820,metropolitan
2821,mex
2822,mexican
2823,mexico
2824,mg
2825,mgl
2826,mgmt
2827,mi
2828,mia
2829,miami
2830,mich
2831,michael
2832,michelle
2833,michigan
2834,microsoft
2835,mid
2836,midamerican
2837,midcoast
2838,midcontinent
2839,middle
2840,midland
2841,midnight
2842,midpoint
2843,midway
2844,midwest
2845,mieco
2846,migration
2847,mike
2848,mile
2849,miles
2850,miller
2851,million
2852,millions
2853,mills
2854,min
2855,mind
2856,mindq
2857,minerals
2858,minimize
2859,minimum
2860,mining
2861,minister
2862,minmq
2863,minnesota
2864,minor
2865,minus
2866,minute
2867,minutes
2868,mirant
2869,misc
2870,miscellaneous
2871,misleading
2872,misrepresentations
2873,miss
2874,missed
2875,missing
2876,mission
2877,mississippi
2878,missouri
2879,mitchell
2880,mitigate
2881,mitigation
2882,mix
2883,mixed
2884,mj
2885,mjbmq
2886,mkt
2887,mktg
2888,ml
2889,mls
2890,mm
2891,mmbtu
2892,mmbtus
2893,mmcf
2894,mmcfd
2895,mmpd
2896,mn
2897,mo
2898,mobil
2899,mobile
2900,mobilization
2901,model
2902,models
2903,modesto
2904,modification
2905,modifications
2906,modified
2907,modify
2908,mojave
2909,moment
2910,mon
2911,monday
2912,money
2913,monitor
2914,monitoring
2915,montana
2916,monterey
2917,month
2918,monthly
2919,months
2920,moody
2921,moore
2922,morgan
2923,morning
2924,morris
2925,moss
2926,motion
2927,motor
2928,mountain
2929,moved
2930,movement
2931,moves
2932,moving
2933,mp
2934,mr
2935,ms
2936,mseb
2937,msg
2938,msn
2939,mt
2940,mtg
2941,mtm
2942,muhammad
2943,multi
2944,multiple
2945,multiplied
2946,muni
2947,municipal
2948,murphy
2949,murray
2950,mutual
2951,mutually
2952,mw
2953,mwd
2954,mwh
2955,mx
2956,na
2957,named
2958,names
2959,nancy
2960,nat
2961,nation
2962,national
2963,natsource
2964,natural
2965,nature
2966,nb
2967,nbp
2968,nc
2969,ncaa
2970,nd
2971,ne
2972,neal
2973,near
2974,nearly
2975,nebraska
2976,nec
2977,necessary
2978,need
2979,needed
2980,needles
2981,needs
2982,neg
2983,negative
2984,negligence
2985,negotiate
2986,negotiated
2987,negotiating
2988,negotiations
2989,neil
2990,nelson
2991,nepool
2992,nerc
2993,nesa
2994,net
2995,netherlands
2996,netted
2997,netting
2998,network
2999,networks
3000,neutral
3001,nevada
3002,new
3003,newco
3004,newdailyupdateworking
3005,newport
3006,newpower
3007,news
3008,newsletter
3009,newswires
3010,newyork
3011,nexen
3012,nf
3013,nfl
3014,ng
3015,ngi
3016,ngl
3017,ngpl
3018,ngw
3019,nh
3020,ni
3021,niagara
3022,nice
3023,nickel
3024,nicor
3025,night
3026,nitrogen
3027,nj
3028,nm
3029,nmx
3030,nn
3031,nng
3032,noble
3033,nominal
3034,nominated
3035,nomination
3036,nominations
3037,non
3038,noncore
3039,nonny
3040,noon
3041,nordic
3042,normal
3043,normally
3044,north
3045,northeast
3046,northeastern
3047,northern
3048,northwest
3049,northwestern
3050,norway
3051,nos
3052,note
3053,noted
3054,notes
3055,notice
3056,notices
3057,notification
3058,notified
3059,notify
3060,notifying
3061,notional
3062,notwithstanding
3063,nov
3064,nova
3065,november
3066,nox
3067,np
3068,nrg
3069,nsf
3070,nsm
3071,nsw
3072,nt
3073,nu
3074,nuclear
3075,number
3076,numbers
3077,numerical
3078,numerous
3079,nv
3080,nw
3081,nwpl
3082,nx
3083,nxc
3084,ny
3085,nyg
3086,nyiso
3087,nyj
3088,nymex
3089,nyse
3090,nytimes
3091,oak
3092,oakland
3093,oasis
3094,oba
3095,object
3096,objection
3097,objectives
3098,obligated
3099,obligation
3100,obligations
3101,obligor
3102,obtain
3103,obtained
3104,obtaining
3105,occ
3106,occidental
3107,occur
3108,occurred
3109,occurrence
3110,occurring
3111,occurs
3112,oct
3113,october
3114,oecm
3115,offense
3116,offensive
3117,offer
3118,offered
3119,offering
3120,offers
3121,office
3122,officer
3123,officers
3124,offices
3125,official
3126,officialized
3127,officials
3128,offset
3129,offsets
3130,offshore
3131,ofo
3132,oh
3133,ohio
3134,oil
3135,ok
3136,okay
3137,oklahoma
3138,ol
3139,old
3140,olk
3141,olp
3142,omaha
3143,oneok
3144,ones
3145,ongoing
3146,online
3147,ontario
3148,op
3149,opal
3150,open
3151,opened
3152,opening
3153,operate
3154,operated
3155,operates
3156,operating
3157,operation
3158,operational
3159,operations
3160,operator
3161,operators
3162,opinion
3163,opportunities
3164,opportunity
3165,opposed
3166,opposition
3167,ops
3168,opt
3169,option
3170,options
3171,oral
3172,orange
3173,ord
3174,order
3175,ordered
3176,orders
3177,ordinance
3178,ordinary
3179,oregon
3180,org
3181,organization
3182,organizations
3183,organized
3184,orig
3185,original
3186,originally
3187,originated
3188,origination
3189,orlando
3190,orleans
3191,os
3192,ot
3193,otay
3194,oth
3195,otto
3196,ou
3197,outage
3198,outages
3199,outing
3200,outlet
3201,outlook
3202,output
3203,outside
3204,outstanding
3205,overall
3206,overcome
3207,overnight
3208,overseas
3209,oversight
3210,overview
3211,owed
3212,owens
3213,owes
3214,owing
3215,owned
3216,owner
3217,owners
3218,ownership
3219,owns
3220,oyqud
3221,pa
3222,pac
3223,pace
3224,pacific
3225,pacificorp
3226,package
3227,page
3228,pageref
3229,pages
3230,paid
3231,palm
3232,palmer
3233,palo
3234,paloma
3235,pan
3236,pancanadian
3237,panda
3238,panel
3239,panhandle
3240,paper
3241,papers
3242,par
3243,paragraph
3244,parameters
3245,parent
3246,paribas
3247,park
3248,parker
3249,parking
3250,parks
3251,partial
3252,participant
3253,participants
3254,participate
3255,participating
3256,participation
3257,particular
3258,particularly
3259,parties
3260,partner
3261,partners
3262,partnership
3263,partnerships
3264,parts
3265,party
3266,pasadena
3267,paso
3268,pass
3269,passed
3270,passes
3271,passing
3272,passive
3273,password
3274,past
3275,pastoria
3276,pat
3277,patel
3278,path
3279,patrick
3280,patriots
3281,patti
3282,paul
3283,pay
3284,payable
3285,paying
3286,payment
3287,payments
3288,pays
3289,pc
3290,pcg
3291,pd
3292,pdf
3293,pdt
3294,peak
3295,peaker
3296,peakers
3297,peaking
3298,pecos
3299,pen
3300,penalties
3301,penalty
3302,pending
3303,pennsylvania
3304,pension
3305,people
3306,peoples
3307,percent
3308,percentage
3309,perez
3310,perfect
3311,perform
3312,performance
3313,performed
3314,performing
3315,period
3316,periods
3317,permanent
3318,permian
3319,permission
3320,permit
3321,permits
3322,permitted
3323,permitting
3324,perry
3325,person
3326,personal
3327,personally
3328,personnel
3329,persons
3330,perspective
3331,pete
3332,peter
3333,petition
3334,petro
3335,petrochemicals
3336,petroleum
3337,pf
3338,pg
3339,pgas
3340,pge
3341,ph
3342,phase
3343,phi
3344,phibro
3345,phil
3346,philadelphia
3347,phillip
3348,phillips
3349,phoenix
3350,phone
3351,photo
3352,phtml
3353,phy
3354,phys
3355,physical
3356,physically
3357,physicals
3358,pick
3359,picked
3360,picks
3361,picture
3362,pierce
3363,pilot
3364,pinnacle
3365,pioneer
3366,pipe
3367,pipeline
3368,pipelines
3369,pira
3370,pit
3371,pitch
3372,pittman
3373,pittsburg
3374,pittsburgh
3375,pivot
3376,pjm
3377,pl
3378,place
3379,placed
3380,places
3381,plains
3382,plaintiff
3383,plan
3384,planned
3385,planning
3386,plans
3387,plant
3388,plants
3389,plastics
3390,platform
3391,platts
3392,play
3393,played
3394,player
3395,players
3396,playing
3397,playoffs
3398,plays
3399,plaza
3400,plc
3401,pledge
3402,plp
3403,plus
3404,pm
3405,pma
3406,pnm
3407,pnw
3408,po
3409,point
3410,points
3411,policies
3412,policy
3413,political
3414,politics
3415,pollan
3416,pollution
3417,pool
3418,pooling
3419,poor
3420,pop
3421,port
3422,portfolio
3423,portion
3424,portland
3425,portz
3426,pos
3427,position
3428,positions
3429,positive
3430,possession
3431,possibility
3432,possible
3433,possibly
3434,post
3435,posted
3436,posting
3437,potential
3438,potentially
3439,pound
3440,pow
3441,powdpr
3442,power
3443,powermarketers
3444,powers
3445,pp
3446,ppa
3447,ppl
3448,ppm
3449,ppt
3450,pr
3451,practice
3452,practices
3453,prc
3454,pre
3455,precedent
3456,preceding
3457,prefer
3458,preference
3459,preferred
3460,prelim
3461,preliminary
3462,premises
3463,premium
3464,preparation
3465,prepare
3466,prepared
3467,preparing
3468,presence
3469,present
3470,presentation
3471,presented
3472,president
3473,presiding
3474,press
3475,pressure
3476,pretty
3477,prevent
3478,previous
3479,previously
3480,price
3481,priced
3482,prices
3483,pricing
3484,prim
3485,primarily
3486,primary
3487,prime
3488,principal
3489,principles
3490,print
3491,prior
3492,priority
3493,privacy
3494,private
3495,privilege
3496,pro
3497,probability
3498,probable
3499,probably
3500,problem
3501,problems
3502,procedure
3503,procedures
3504,proceed
3505,proceeding
3506,proceedings
3507,proceeds
3508,process
3509,processes
3510,processing
3511,procurement
3512,prod
3513,produce
3514,produced
3515,producer
3516,producers
3517,producing
3518,product
3519,production
3520,productive
3521,products
3522,professional
3523,professor
3524,profile
3525,profit
3526,profits
3527,program
3528,programs
3529,progress
3530,prohibited
3531,project
3532,projected
3533,projects
3534,promote
3535,prompt
3536,promptly
3537,propane
3538,proper
3539,properly
3540,properties
3541,property
3542,proposal
3543,proposals
3544,propose
3545,proposed
3546,proposing
3547,proprietary
3548,prospect
3549,prospective
3550,prospects
3551,protect
3552,protected
3553,protection
3554,protective
3555,protest
3556,protocol
3557,protocols
3558,prove
3559,provide
3560,provided
3561,provider
3562,providers
3563,provides
3564,providing
3565,provision
3566,provisions
3567,ps
3568,psc
3569,psco
3570,pseg
3571,pt
3572,pte
3573,pts
3574,pty
3575,public
3576,publication
3577,publicly
3578,publish
3579,published
3580,publishing
3581,pubs
3582,puc
3583,puget
3584,pull
3585,pulled
3586,pulp
3587,pulsation
3588,pump
3589,punitive
3590,purchase
3591,purchased
3592,purchaser
3593,purchasers
3594,purchases
3595,purchasing
3596,pure
3597,purpose
3598,purposes
3599,pursuant
3600,pursue
3601,push
3602,puts
3603,putting
3604,pv
3605,pw
3606,pwr
3607,px
3608,qa
3609,qb
3610,qc
3611,qf
3612,qh
3613,qj
3614,qk
3615,ql
3616,qm
3617,qmmiym
3618,qn
3619,qo
3620,qoykdb
3621,qp
3622,qq
3623,qr
3624,qs
3625,qse
3626,qt
3627,qu
3628,qualification
3629,qualified
3630,qualify
3631,qualifying
3632,quality
3633,quantities
3634,quantity
3635,quarter
3636,quarterback
3637,quarterly
3638,quarters
3639,questar
3640,question
3641,questionable
3642,questions
3643,quick
3644,quickly
3645,quigley
3646,quite
3647,quote
3648,quoted
3649,quotes
3650,qv
3651,qw
3652,qx
3653,qy
3654,qz
3655,raap
3656,rac
3657,race
3658,radio
3659,raise
3660,raised
3661,raising
3662,ramco
3663,ran
3664,ranch
3665,random
3666,randy
3667,range
3668,rangel
3669,rata
3670,rate
3671,rated
3672,ratepayers
3673,rates
3674,rathdrum
3675,rating
3676,ratings
3677,ratio
3678,ray
3679,rb
3680,rd
3681,rdi
3682,reach
3683,reached
3684,read
3685,reading
3686,ready
3687,real
3688,really
3689,rearrange
3690,reason
3691,reasonable
3692,reasonably
3693,reasons
3694,rebate
3695,rec
3696,recall
3697,receipt
3698,receipts
3699,receivable
3700,receive
3701,received
3702,receiver
3703,receives
3704,receiving
3705,recent
3706,recently
3707,reception
3708,recipient
3709,recipients
3710,recognize
3711,recognized
3712,recommend
3713,recommendation
3714,recommendations
3715,recommended
3716,record
3717,recorded
3718,recording
3719,records
3720,recover
3721,recovery
3722,recruiting
3723,recycling
3724,red
3725,redding
3726,reduce
3727,reduced
3728,reducing
3729,reduction
3730,reductions
3731,redwood
3732,ref
3733,refer
3734,reference
3735,referenced
3736,references
3737,referred
3738,refinery
3739,refining
3740,reflect
3741,reflected
3742,reflects
3743,reform
3744,refund
3745,refunds
3746,refused
3747,refuses
3748,reg
3749,regard
3750,regarding
3751,regardless
3752,regards
3753,region
3754,regional
3755,regions
3756,register
3757,registered
3758,registration
3759,regular
3760,regularly
3761,regulated
3762,regulation
3763,regulations
3764,regulator
3765,regulators
3766,regulatory
3767,reimburse
3768,reimbursement
3769,reject
3770,rejected
3771,rejection
3772,relate
3773,related
3774,relates
3775,relating
3776,relation
3777,relations
3778,relationship
3779,relationships
3780,relative
3781,relatively
3782,release
3783,released
3784,releases
3785,relevant
3786,reliability
3787,reliable
3788,reliance
3789,reliant
3790,relief
3791,rely
3792,remain
3793,remainder
3794,remained
3795,remaining
3796,remains
3797,remedied
3798,remedies
3799,remedy
3800,remember
3801,remit
3802,remote
3803,remove
3804,removed
3805,rendered
3806,renegotiation
3807,renewable
3808,renewables
3809,reno
3810,rent
3811,rental
3812,reorg
3813,reorganization
3814,rep
3815,repair
3816,repeated
3817,replace
3818,replaced
3819,replacement
3820,replacing
3821,reply
3822,report
3823,reported
3824,reporters
3825,reporting
3826,reports
3827,represent
3828,representation
3829,representations
3830,representative
3831,representatives
3832,represented
3833,representing
3834,represents
3835,republican
3836,republicans
3837,req
3838,request
3839,requested
3840,requesting
3841,requests
3842,require
3843,required
3844,requirement
3845,requirements
3846,requires
3847,requiring
3848,res
3849,reschedule
3850,research
3851,reservation
3852,reservations
3853,reserve
3854,reserved
3855,reserves
3856,reset
3857,residential
3858,residents
3859,resolution
3860,resolve
3861,resolved
3862,resort
3863,resource
3864,resources
3865,respect
3866,respective
3867,respectively
3868,respects
3869,respond
3870,responded
3871,respondent
3872,response
3873,responsibilities
3874,responsibility
3875,responsible
3876,rest
3877,restart
3878,restated
3879,restricted
3880,restrictions
3881,restructuring
3882,result
3883,resulted
3884,resulting
3885,results
3886,resume
3887,retail
3888,retailers
3889,retain
3890,retained
3891,retention
3892,retirement
3893,return
3894,returned
3895,returning
3896,returns
3897,reuters
3898,reval
3899,revenue
3900,revenues
3901,review
3902,reviewed
3903,reviewing
3904,revised
3905,rewards
3906,reyd
3907,rfp
3908,ri
3909,rice
3910,rich
3911,richard
3912,richardson
3913,richmond
3914,rick
3915,ricky
3916,rider
3917,ridge
3918,rielly
3919,right
3920,rights
3921,riley
3922,rio
3923,rise
3924,rising
3925,risk
3926,risks
3927,risky
3928,river
3929,riverside
3930,rm
3931,ro
3932,road
3933,rob
3934,robert
3935,roberts
3936,robin
3937,robinson
3938,robison
3939,rock
3940,rockies
3941,rocky
3942,rod
3943,roger
3944,rogers
3945,role
3946,roll
3947,rolling
3948,roman
3949,ron
3950,rookie
3951,room
3952,rorourke
3953,rose
3954,ross
3955,roster
3956,roughly
3957,round
3958,rounding
3959,route
3960,routing
3961,row
3962,roy
3963,royal
3964,rr
3965,rs
3966,rt
3967,rto
3968,rule
3969,ruled
3970,rules
3971,ruling
3972,run
3973,running
3974,runs
3975,rush
3976,rushed
3977,rushing
3978,russell
3979,rwe
3980,ryan
3981,sa
3982,sachs
3983,sacramento
3984,safe
3985,safety
3986,safeway
3987,sagarin
3988,said
3989,sale
3990,sales
3991,sally
3992,salt
3993,sam
3994,sample
3995,san
3996,sanders
3997,sandy
3998,sangwine
3999,santa
4000,sara
4001,sarah
4002,sat
4003,satisfactory
4004,satisfied
4005,satisfy
4006,saturday
4007,sav
4008,save
4009,saving
4010,savings
4011,saw
4012,say
4013,saying
4014,says
4015,sb
4016,sc
4017,scal
4018,scale
4019,sce
4020,scenario
4021,schedule
4022,scheduled
4023,schedules
4024,scheduling
4025,scheme
4026,school
4027,schools
4028,schroeder
4029,schwieger
4030,scope
4031,score
4032,scoring
4033,scott
4034,scredit
4035,screen
4036,sd
4037,sdg
4038,sdge
4039,se
4040,sea
4041,search
4042,season
4043,seasonal
4044,seattle
4045,seawest
4046,sec
4047,second
4048,secondary
4049,secretary
4050,sect
4051,section
4052,sections
4053,sector
4054,sectors
4055,secure
4056,secured
4057,securities
4058,security
4059,seeing
4060,seek
4061,seeking
4062,seeks
4063,seen
4064,segregation
4065,select
4066,selected
4067,selection
4068,self
4069,sell
4070,seller
4071,sellers
4072,selling
4073,sells
4074,sempra
4075,sen
4076,senate
4077,send
4078,sending
4079,senior
4080,sense
4081,sensitive
4082,sent
4083,sentence
4084,sep
4085,separate
4086,sept
4087,september
4088,serc
4089,series
4090,serve
4091,served
4092,service
4093,services
4094,serving
4095,session
4096,set
4097,setoff
4098,setrans
4099,sets
4100,setting
4101,settings
4102,settle
4103,settled
4104,settlement
4105,settlements
4106,setup
4107,seven
4108,severance
4109,sf
4110,sfa
4111,sg
4112,shackleton
4113,shall
4114,shankman
4115,shape
4116,share
4117,shared
4118,shareholder
4119,shareholders
4120,shares
4121,shari
4122,sharing
4123,sharp
4124,shaw
4125,sheet
4126,sheets
4127,shell
4128,shift
4129,ship
4130,shipment
4131,shipos
4132,shipper
4133,shippers
4134,shipping
4135,shop
4136,shopping
4137,short
4138,shortage
4139,shortages
4140,shot
4141,shoulder
4142,showed
4143,showing
4144,shown
4145,shows
4146,shut
4147,siemens
4148,sierra
4149,sign
4150,signals
4151,signature
4152,signed
4153,significant
4154,significantly
4155,signing
4156,signs
4157,silver
4158,similar
4159,similarly
4160,simms
4161,simon
4162,simple
4163,simply
4164,singapore
4165,singer
4166,single
4167,sit
4168,sitara
4169,site
4170,sites
4171,sithe
4172,siting
4173,sitingcases
4174,sitting
4175,situated
4176,situation
4177,size
4178,sj
4179,skilling
4180,slightly
4181,slng
4182,slow
4183,small
4184,smaller
4185,smelter
4186,smith
4187,smud
4188,smurfit
4189,snohomish
4190,snow
4191,socal
4192,socalgas
4193,social
4194,society
4195,soft
4196,software
4197,solar
4198,sold
4199,sole
4200,solely
4201,solicitation
4202,solid
4203,solution
4204,solutions
4205,somewhat
4206,son
4207,sonat
4208,soon
4209,sore
4210,sorry
4211,sort
4212,sought
4213,sound
4214,sounds
4215,sour
4216,source
4217,sources
4218,south
4219,southeast
4220,southeastern
4221,southern
4222,southwest
4223,southwestern
4224,sp
4225,spa
4226,space
4227,spain
4228,speak
4229,speaker
4230,speaking
4231,special
4232,specialist
4233,specials
4234,specialty
4235,specific
4236,specifically
4237,specifications
4238,specified
4239,specify
4240,speed
4241,spend
4242,spending
4243,spent
4244,spikes
4245,split
4246,spoke
4247,spokesman
4248,spokeswoman
4249,sponsor
4250,sponsors
4251,sponsorship
4252,sporting
4253,sports
4254,sportsline
4255,spot
4256,spp
4257,sprained
4258,spread
4259,spreadsheets
4260,spring
4261,springs
4262,squad
4263,square
4264,sr
4265,src
4266,ss
4267,st
4268,sta
4269,stacey
4270,stack
4271,stadium
4272,staff
4273,stage
4274,stake
4275,stakeholder
4276,staley
4277,stand
4278,standard
4279,standards
4280,standby
4281,standing
4282,standings
4283,stanford
4284,stanley
4285,star
4286,start
4287,started
4288,starter
4289,starting
4290,starts
4291,state
4292,stated
4293,statement
4294,statements
4295,states
4296,stating
4297,station
4298,stations
4299,statistics
4300,statoil
4301,stats
4302,status
4303,statute
4304,statutes
4305,statutory
4306,stay
4307,ste
4308,steam
4309,stearns
4310,steel
4311,step
4312,stephanie
4313,stephen
4314,steps
4315,sterling
4316,steve
4317,steven
4318,stevens
4319,stewart
4320,stl
4321,stock
4322,stocks
4323,stockton
4324,stone
4325,stop
4326,stopped
4327,stor
4328,storage
4329,store
4330,stored
4331,stores
4332,storey
4333,story
4334,straight
4335,stranded
4336,strategic
4337,strategies
4338,strategy
4339,street
4340,strength
4341,strike
4342,strip
4343,strong
4344,structure
4345,structured
4346,structures
4347,structuring
4348,students
4349,studies
4350,study
4351,stuff
4352,style
4353,sub
4354,subcommittee
4355,submission
4356,submit
4357,submitted
4358,subscribe
4359,subscription
4360,subsequent
4361,subsequently
4362,subsidiaries
4363,subsidiary
4364,substance
4365,substantial
4366,substantially
4367,substation
4368,substitute
4369,subtotal
4370,subtracting
4371,success
4372,successful
4373,successfully
4374,successor
4375,successors
4376,sue
4377,suffered
4378,suffering
4379,sufficient
4380,sugar
4381,suggest
4382,suggested
4383,suggests
4384,suisse
4385,suit
4386,suite
4387,suits
4388,sum
4389,sumas
4390,sumif
4391,summary
4392,summer
4393,summit
4394,summonths
4395,sums
4396,sun
4397,sunday
4398,sunrise
4399,super
4400,superior
4401,supplemental
4402,supplied
4403,supplier
4404,suppliers
4405,supplies
4406,supply
4407,support
4408,supported
4409,supporting
4410,supports
4411,supposed
4412,sure
4413,surety
4414,surgery
4415,surplus
4416,surprised
4417,survey
4418,survival
4419,survive
4420,susan
4421,suspend
4422,suspended
4423,suspension
4424,suzanne
4425,sv
4426,svrazel
4427,sw
4428,swap
4429,swaps
4430,sweden
4431,sweet
4432,swiss
4433,switch
4434,switched
4435,switching
4436,switzerland
4437,symbol
4438,sys
4439,systems
4440,sz
4441,tab
4442,table
4443,tables
4444,tackle
4445,tacoma
4446,tag
4447,tagg
4448,taken
4449,takes
4450,taking
4451,talk
4452,talked
4453,talking
4454,talks
4455,tampa
4456,tank
4457,tanks
4458,tap
4459,tape
4460,tapes
4461,target
4462,tariff
4463,tariffs
4464,task
4465,tax
4466,taxed
4467,taxes
4468,taxpayer
4469,taylor
4470,tb
4471,tbd
4472,tblmthadj
4473,tc
4474,tco
4475,td
4476,tds
4477,te
4478,team
4479,teams
4480,tech
4481,technical
4482,technologies
4483,technology
4484,ted
4485,tee
4486,tejas
4487,tel
4488,telecommunications
4489,telephone
4490,telephonic
4491,tell
4492,temp
4493,temperature
4494,temperatures
4495,template
4496,temple
4497,temporarily
4498,temporary
4499,temptation
4500,tenaska
4501,tenn
4502,tennessee
4503,teresa
4504,term
4505,terminal
4506,terminate
4507,terminated
4508,terminates
4509,terminating
4510,termination
4511,terms
4512,terrell
4513,territory
4514,terry
4515,test
4516,testimony
4517,testing
4518,tests
4519,tetco
4520,tex
4521,texaco
4522,texas
4523,text
4524,th
4525,thank
4526,thanks
4527,thanksgiving
4528,therefor
4529,thereof
4530,thereon
4531,thereto
4532,thereunder
4533,therewith
4534,thermal
4535,thermo
4536,thing
4537,things
4538,think
4539,thinking
4540,thirty
4541,tholt
4542,thomas
4543,thompson
4544,thought
4545,thousands
4546,thput
4547,threat
4548,threatened
4549,threshold
4550,threw
4551,thrifty
4552,throwing
4553,thu
4554,thursday
4555,ticket
4556,tickets
4557,tie
4558,tier
4559,ties
4560,tight
4561,tim
4562,time
4563,timely
4564,times
4565,timing
4566,timothy
4567,tip
4568,tips
4569,title
4570,tive
4571,tj
4572,tm
4573,tn
4574,toc
4575,today
4576,todaysheadlines
4577,todd
4578,toe
4579,tokyo
4580,told
4581,toll
4582,tom
4583,tomorrow
4584,tons
4585,tony
4586,took
4587,tool
4588,toolbar
4589,tools
4590,topock
4591,tori
4592,toronto
4593,tort
4594,total
4595,totals
4596,tou
4597,touchdown
4598,touchdowns
4599,tough
4600,tour
4601,tournament
4602,tower
4603,town
4604,tp
4605,tpb
4606,tps
4607,tr
4608,track
4609,tractebel
4610,tracy
4611,trade
4612,traded
4613,trader
4614,traders
4615,trades
4616,trading
4617,traditional
4618,traffic
4619,training
4620,trans
4621,transaction
4622,transactions
4623,transalta
4624,transcanada
4625,transco
4626,transfer
4627,transferred
4628,transfers
4629,transition
4630,transmission
4631,transmitted
4632,transport
4633,transportation
4634,transporter
4635,transwestern
4636,travel
4637,travelocity
4638,travis
4639,trcoz
4640,treasury
4641,treated
4642,treatment
4643,treble
4644,trend
4645,trent
4646,tri
4647,trial
4648,tried
4649,triggering
4650,trip
4651,trouble
4652,troy
4653,truck
4654,true
4655,truorange
4656,trust
4657,trustee
4658,try
4659,trying
4660,tt
4661,tucson
4662,tudor
4663,tue
4664,tuesday
4665,tulsa
4666,turbine
4667,turbines
4668,turn
4669,turned
4670,tv
4671,tva
4672,tw
4673,twh
4674,twice
4675,tx
4676,txu
4677,tycholiz
4678,type
4679,types
4680,typically
4681,ubs
4682,uk
4683,ultimate
4684,ultimately
4685,um
4686,umatilla
4687,unable
4688,unauthorized
4689,uncertainty
4690,unclear
4691,underlying
4692,understand
4693,understanding
4694,understood
4695,uniform
4696,unify
4697,union
4698,unique
4699,unit
4700,united
4701,units
4702,university
4703,unknown
4704,unlawful
4705,unless
4706,unlikely
4707,unocal
4708,unpaid
4709,unreasonably
4710,unsubscribe
4711,unsupported
4712,update
4713,updated
4714,updates
4715,upgrade
4716,upper
4717,upstream
4718,upwards
4719,url
4720,usa
4721,usage
4722,usbl
4723,usd
4724,usdm
4725,use
4726,used
4727,useful
4728,user
4729,users
4730,uses
4731,using
4732,usually
4733,ut
4734,utah
4735,utilicorp
4736,utilities
4737,utility
4738,utilize
4739,utilized
4740,uu
4741,uuuu
4742,va
4743,vacation
4744,vacations
4745,valero
4746,valid
4747,validity
4748,validly
4749,valley
4750,valuable
4751,valuation
4752,value
4753,valued
4754,values
4755,valve
4756,van
4757,var
4758,variable
4759,variance
4760,variety
4761,various
4762,vb
4763,vc
4764,vd
4765,ve
4766,vegas
4767,vehicle
4768,vehicles
4769,vendor
4770,venture
4771,ventures
4772,verde
4773,verification
4774,verified
4775,verify
4776,vermont
4777,vernon
4778,version
4779,versus
4780,vf
4781,vg
4782,vh
4783,vi
4784,vice
4785,victory
4786,video
4787,view
4788,views
4789,vii
4790,viii
4791,vince
4792,violate
4793,violation
4794,virginia
4795,vision
4796,visit
4797,vista
4798,vitol
4799,vj
4800,vk
4801,vl
4802,vlookup
4803,vm
4804,vo
4805,voice
4806,void
4807,vol
4808,volatility
4809,vols
4810,voltage
4811,volume
4812,volumes
4813,voluntary
4814,vons
4815,vote
4816,voted
4817,voting
4818,vp
4819,vs
4820,vt
4821,vu
4822,vulnerable
4823,vv
4824,vw
4825,vx
4826,vy
4827,vz
4828,wa
4829,wadd
4830,wagner
4831,waha
4832,wait
4833,waiting
4834,waived
4835,waiver
4836,waivers
4837,waives
4838,walk
4839,walker
4840,wall
4841,walls
4842,walter
4843,walton
4844,want
4845,wanted
4846,wants
4847,war
4848,ward
4849,warm
4850,warned
4851,warner
4852,warning
4853,warrant
4854,warranties
4855,warrants
4856,warranty
4857,warren
4858,washington
4859,wasn
4860,waste
4861,watch
4862,water
4863,watkins
4864,watson
4865,way
4866,wayne
4867,ways
4868,wc
4869,weak
4870,weather
4871,web
4872,website
4873,wed
4874,wednesday
4875,week
4876,weekday
4877,weekend
4878,weekly
4879,weeks
4880,weight
4881,weighted
4882,weinke
4883,welcome
4884,weld
4885,wellhead
4886,wells
4887,went
4888,west
4889,westbrook
4890,westcoast
4891,western
4892,westin
4893,wh
4894,whatsoever
4895,wheatley
4896,wheeler
4897,white
4898,wholesale
4899,wholly
4900,wi
4901,wide
4902,wideout
4903,width
4904,william
4905,williams
4906,willing
4907,wilson
4908,win
4909,wind
4910,window
4911,windows
4912,winner
4913,winning
4914,wins
4915,winter
4916,winzip
4917,wire
4918,wireless
4919,wisconsin
4920,wish
4921,withdrawal
4922,withheld
4923,withhold
4924,withholding
4925,witness
4926,wk
4927,women
4928,won
4929,wood
4930,woolcock
4931,word
4932,words
4933,work
4934,worked
4935,workers
4936,working
4937,works
4938,world
4939,worldwide
4940,worth
4941,wouldn
4942,wps
4943,wr
4944,wright
4945,writ
4946,write
4947,writer
4948,writing
4949,written
4950,wrong
4951,wrote
4952,wscc
4953,wspp
4954,wt
4955,wthr
4956,wti
4957,www
4958,wy
4959,wynn
4960,wyoming
4961,wz
4962,xcel
4963,xl
4964,xls
4965,xt
4966,ya
4967,yahoo
4968,yard
4969,yards
4970,yb
4971,yc
4972,yd
4973,ye
4974,year
4975,years
4976,yes
4977,yesterday
4978,yf
4979,yg
4980,yh
4981,yi
4982,yield
4983,yl
4984,ymmqo
4985,york
4986,young
4987,yr
4988,ytd
4989,yy
4990,yyy
4991,yyyy
4992,yyyyy
4993,yyyyyyyyyyyyyyyyyyyyyyyyyyyyyyyyyyyyyyyyyyyyyyyyyyyyyyyyyyyyyyyyyyyyyyyyyyyyyyyyyyyyyyyyyyyyyyyyyyyyyyyyyyyyyyyyyyyyyyyyyyyyyyyyyyyyyyyyyyyyyyyyyyyyyyyyyyyyyyyyyyyyyyyyyyyyyyyyyyyyyyyyyyyyyyyyyyyyyyyyyyyyyyyyyyyyyyyyyyyyyyyyyyyyyyyyyyyyyyyyyyyyyyyyyyyyyyyyyyyyyyyyyyyyyyyyyyyyyyyyyyyyyyyyyyyyyyyyyyyyyyyyyyyyyyyyyyyyyyyyyyyyyyyyyyyyyyyyyyyyyyyyyyyyyyyyyyyyyyyyyyyyyyyyyyyyyyyyyyyyyyyyyyyyyyyyyyyyyyyyyyyyyyyyyyyyyyyyyyyyyyyyyyyyyyyyyyyyyyyyyyyyyyyyyyyyyyyyyyyyyyyyyyyyyyyyyyyyyyyyyyyyyyyyyyyyyyyyyyyyyyyyyyyyyyyyyyyyyyyyyyy
4994,zero
4995,zinc
4996,zip
4997,zone
4998,zones
4999,zp
